library,sample,sample_type,sort_bin,concentration,date,number_cells,R1
lib61_SARSr-wts,S2K146_01_bin1,S2K146,1,1,230731,471151,/uufs/chpc.utah.edu/common/home/starr-group1/sequencing/TNS/2023/230925_Azenta-pools/230731_Vir-breadth-batch1/20230731-s1-b1_R1_001.fastq.gz
lib61_SARSr-wts,S2K146_01_bin2,S2K146,2,1,230731,231948,/uufs/chpc.utah.edu/common/home/starr-group1/sequencing/TNS/2023/230925_Azenta-pools/230731_Vir-breadth-batch1/20230731-s1-b2_R1_001.fastq.gz
lib61_SARSr-wts,S2K146_01_bin3,S2K146,3,1,230731,57929,/uufs/chpc.utah.edu/common/home/starr-group1/sequencing/TNS/2023/230925_Azenta-pools/230731_Vir-breadth-batch1/20230731-s1-b3_R1_001.fastq.gz
lib61_SARSr-wts,S2K146_01_bin4,S2K146,4,1,230731,407302,/uufs/chpc.utah.edu/common/home/starr-group1/sequencing/TNS/2023/230925_Azenta-pools/230731_Vir-breadth-batch1/20230731-s1-b4_R1_001.fastq.gz
lib61_SARSr-wts,S2K146_02_bin1,S2K146,1,2,230731,554488,/uufs/chpc.utah.edu/common/home/u6042467/starr-group1/sequencing/TNS/2023/231018_bc_Vir-breadth-part2/s2k146-02-b1_R1_001.fastq.gz
lib61_SARSr-wts,S2K146_02_bin2,S2K146,2,2,230731,93299,/uufs/chpc.utah.edu/common/home/starr-group1/sequencing/TNS/2023/230925_Azenta-pools/230731_Vir-breadth-batch1/20230731-s2-b2_R1_001.fastq.gz
lib61_SARSr-wts,S2K146_02_bin3,S2K146,3,2,230731,49452,/uufs/chpc.utah.edu/common/home/starr-group1/sequencing/TNS/2023/230925_Azenta-pools/230731_Vir-breadth-batch1/20230731-s2-b3_R1_001.fastq.gz
lib61_SARSr-wts,S2K146_02_bin4,S2K146,4,2,230731,369477,/uufs/chpc.utah.edu/common/home/starr-group1/sequencing/TNS/2023/230925_Azenta-pools/230731_Vir-breadth-batch1/20230731-s2-b4_R1_001.fastq.gz
lib61_SARSr-wts,S2K146_03_bin1,S2K146,1,3,230731,548841,/uufs/chpc.utah.edu/common/home/starr-group1/sequencing/TNS/2023/230925_Azenta-pools/230731_Vir-breadth-batch1/20230731-s3-b1_R1_001.fastq.gz
lib61_SARSr-wts,S2K146_03_bin2,S2K146,2,3,230731,107317,/uufs/chpc.utah.edu/common/home/starr-group1/sequencing/TNS/2023/230925_Azenta-pools/230731_Vir-breadth-batch1/20230731-s3-b2_R1_001.fastq.gz
lib61_SARSr-wts,S2K146_03_bin3,S2K146,3,3,230731,157655,/uufs/chpc.utah.edu/common/home/starr-group1/sequencing/TNS/2023/230925_Azenta-pools/230731_Vir-breadth-batch1/20230731-s3-b3_R1_001.fastq.gz
lib61_SARSr-wts,S2K146_03_bin4,S2K146,4,3,230731,238066,/uufs/chpc.utah.edu/common/home/starr-group1/sequencing/TNS/2023/230925_Azenta-pools/230731_Vir-breadth-batch1/20230731-s3-b4_R1_001.fastq.gz
lib61_SARSr-wts,S2K146_04_bin1,S2K146,1,4,230731,627893,/uufs/chpc.utah.edu/common/home/starr-group1/sequencing/TNS/2023/230925_Azenta-pools/230731_Vir-breadth-batch1/20230731-s4-b1_R1_001.fastq.gz
lib61_SARSr-wts,S2K146_04_bin2,S2K146,2,4,230731,182494,/uufs/chpc.utah.edu/common/home/starr-group1/sequencing/TNS/2023/230925_Azenta-pools/230731_Vir-breadth-batch1/20230731-s4-b2_R1_001.fastq.gz
lib61_SARSr-wts,S2K146_04_bin3,S2K146,3,4,230731,279656,/uufs/chpc.utah.edu/common/home/starr-group1/sequencing/TNS/2023/230925_Azenta-pools/230731_Vir-breadth-batch1/20230731-s4-b3_R1_001.fastq.gz
lib61_SARSr-wts,S2K146_04_bin4,S2K146,4,4,230731,2,/uufs/chpc.utah.edu/common/home/starr-group1/sequencing/TNS/2023/230925_Azenta-pools/230731_Vir-breadth-batch1/20230731-s4-b4_R1_001.fastq.gz
lib61_SARSr-wts,S2K146_05_bin1,S2K146,1,5,230731,709953,/uufs/chpc.utah.edu/common/home/starr-group1/sequencing/TNS/2023/230925_Azenta-pools/230731_Vir-breadth-batch1/20230731-s5-b1_R1_001.fastq.gz
lib61_SARSr-wts,S2K146_05_bin2,S2K146,2,5,230731,322879,/uufs/chpc.utah.edu/common/home/u6042467/starr-group1/sequencing/TNS/2023/231018_bc_Vir-breadth-part2/s2k146-05-b2_R1_001.fastq.gz
lib61_SARSr-wts,S2K146_05_bin3,S2K146,3,5,230731,41,/uufs/chpc.utah.edu/common/home/starr-group1/sequencing/TNS/2023/230925_Azenta-pools/230731_Vir-breadth-batch1/20230731-s5-b3_R1_001.fastq.gz
lib61_SARSr-wts,S2K146_05_bin4,S2K146,4,5,230731,0,/uufs/chpc.utah.edu/common/home/starr-group1/sequencing/TNS/2023/230925_Azenta-pools/230731_Vir-breadth-batch1/20230731-s5-b4_R1_001.fastq.gz
lib61_SARSr-wts,S2K146_06_bin1,S2K146,1,6,230731,1017244,/uufs/chpc.utah.edu/common/home/starr-group1/sequencing/TNS/2023/230925_Azenta-pools/230731_Vir-breadth-batch1/20230731-s26-b1_R1_001.fastq.gz
lib61_SARSr-wts,S2K146_06_bin2,S2K146,2,6,230731,84168,/uufs/chpc.utah.edu/common/home/starr-group1/sequencing/TNS/2023/230925_Azenta-pools/230731_Vir-breadth-batch1/20230731-s26-b2_R1_001.fastq.gz
lib61_SARSr-wts,S2K146_06_bin3,S2K146,3,6,230731,13,/uufs/chpc.utah.edu/common/home/starr-group1/sequencing/TNS/2023/230925_Azenta-pools/230731_Vir-breadth-batch1/20230731-s26-b3_R1_001.fastq.gz
lib61_SARSr-wts,S2K146_06_bin4,S2K146,4,6,230731,14,/uufs/chpc.utah.edu/common/home/starr-group1/sequencing/TNS/2023/230925_Azenta-pools/230731_Vir-breadth-batch1/20230731-s26-b4_R1_001.fastq.gz
lib61_SARSr-wts,S3L17_01_bin1,S3L17,1,1,230731,589208,/uufs/chpc.utah.edu/common/home/starr-group1/sequencing/TNS/2023/230925_Azenta-pools/230731_Vir-breadth-batch1/20230731-s6-b1_R1_001.fastq.gz
lib61_SARSr-wts,S3L17_01_bin2,S3L17,2,1,230731,217157,/uufs/chpc.utah.edu/common/home/starr-group1/sequencing/TNS/2023/230925_Azenta-pools/230731_Vir-breadth-batch1/20230731-s6-b2_R1_001.fastq.gz
lib61_SARSr-wts,S3L17_01_bin3,S3L17,3,1,230731,29354,/uufs/chpc.utah.edu/common/home/starr-group1/sequencing/TNS/2023/230925_Azenta-pools/230731_Vir-breadth-batch1/20230731-s6-b3_R1_001.fastq.gz
lib61_SARSr-wts,S3L17_01_bin4,S3L17,4,1,230731,205848,/uufs/chpc.utah.edu/common/home/starr-group1/sequencing/TNS/2023/230925_Azenta-pools/230731_Vir-breadth-batch1/20230731-s6-b4_R1_001.fastq.gz
lib61_SARSr-wts,S3L17_02_bin1,S3L17,1,2,230731,719788,/uufs/chpc.utah.edu/common/home/starr-group1/sequencing/TNS/2023/230925_Azenta-pools/230731_Vir-breadth-batch1/20230731-s7-b1_R1_001.fastq.gz
lib61_SARSr-wts,S3L17_02_bin2,S3L17,2,2,230731,146345,/uufs/chpc.utah.edu/common/home/starr-group1/sequencing/TNS/2023/230925_Azenta-pools/230731_Vir-breadth-batch1/20230731-s7-b2_R1_001.fastq.gz
lib61_SARSr-wts,S3L17_02_bin3,S3L17,3,2,230731,15799,/uufs/chpc.utah.edu/common/home/starr-group1/sequencing/TNS/2023/230925_Azenta-pools/230731_Vir-breadth-batch1/20230731-s7-b3_R1_001.fastq.gz
lib61_SARSr-wts,S3L17_02_bin4,S3L17,4,2,230731,216931,/uufs/chpc.utah.edu/common/home/starr-group1/sequencing/TNS/2023/230925_Azenta-pools/230731_Vir-breadth-batch1/20230731-s7-b4_R1_001.fastq.gz
lib61_SARSr-wts,S3L17_03_bin1,S3L17,1,3,230731,763877,/uufs/chpc.utah.edu/common/home/u6042467/starr-group1/sequencing/TNS/2023/231018_bc_Vir-breadth-part2/s3l17-03-b1_R1_001.fastq.gz
lib61_SARSr-wts,S3L17_03_bin2,S3L17,2,3,230731,102855,/uufs/chpc.utah.edu/common/home/starr-group1/sequencing/TNS/2023/230925_Azenta-pools/230731_Vir-breadth-batch1/20230731-s8-b2_R1_001.fastq.gz
lib61_SARSr-wts,S3L17_03_bin3,S3L17,3,3,230731,49999,/uufs/chpc.utah.edu/common/home/starr-group1/sequencing/TNS/2023/230925_Azenta-pools/230731_Vir-breadth-batch1/20230731-s8-b3_R1_001.fastq.gz
lib61_SARSr-wts,S3L17_03_bin4,S3L17,4,3,230731,171254,/uufs/chpc.utah.edu/common/home/starr-group1/sequencing/TNS/2023/230925_Azenta-pools/230731_Vir-breadth-batch1/20230731-s8-b4_R1_001.fastq.gz
lib61_SARSr-wts,S3L17_04_bin1,S3L17,1,4,230731,784969,/uufs/chpc.utah.edu/common/home/starr-group1/sequencing/TNS/2023/230925_Azenta-pools/230731_Vir-breadth-batch1/20230731-s9-b1_R1_001.fastq.gz
lib61_SARSr-wts,S3L17_04_bin2,S3L17,2,4,230731,75839,/uufs/chpc.utah.edu/common/home/starr-group1/sequencing/TNS/2023/230925_Azenta-pools/230731_Vir-breadth-batch1/20230731-s9-b2_R1_001.fastq.gz
lib61_SARSr-wts,S3L17_04_bin3,S3L17,3,4,230731,188432,/uufs/chpc.utah.edu/common/home/starr-group1/sequencing/TNS/2023/230925_Azenta-pools/230731_Vir-breadth-batch1/20230731-s9-b3_R1_001.fastq.gz
lib61_SARSr-wts,S3L17_04_bin4,S3L17,4,4,230731,4,/uufs/chpc.utah.edu/common/home/starr-group1/sequencing/TNS/2023/230925_Azenta-pools/230731_Vir-breadth-batch1/20230731-s9-b4_R1_001.fastq.gz
lib61_SARSr-wts,S3L17_05_bin1,S3L17,1,5,230731,852145,/uufs/chpc.utah.edu/common/home/starr-group1/sequencing/TNS/2023/230925_Azenta-pools/230731_Vir-breadth-batch1/20230731-s10-b1_R1_001.fastq.gz
lib61_SARSr-wts,S3L17_05_bin2,S3L17,2,5,230731,250790,/uufs/chpc.utah.edu/common/home/starr-group1/sequencing/TNS/2023/230925_Azenta-pools/230731_Vir-breadth-batch1/20230731-s10-b2_R1_001.fastq.gz
lib61_SARSr-wts,S3L17_05_bin3,S3L17,3,5,230731,8,/uufs/chpc.utah.edu/common/home/starr-group1/sequencing/TNS/2023/230925_Azenta-pools/230731_Vir-breadth-batch1/20230731-s10-b3_R1_001.fastq.gz
lib61_SARSr-wts,S3L17_05_bin4,S3L17,4,5,230731,1,/uufs/chpc.utah.edu/common/home/starr-group1/sequencing/TNS/2023/230925_Azenta-pools/230731_Vir-breadth-batch1/20230731-s10-b4_R1_001.fastq.gz
lib61_SARSr-wts,S2V29_01_bin1,S2V29,1,1,230731,37201,/uufs/chpc.utah.edu/common/home/starr-group1/sequencing/TNS/2023/230925_Azenta-pools/230731_Vir-breadth-batch1/20230731-s11-b1_R1_001.fastq.gz
lib61_SARSr-wts,S2V29_01_bin2,S2V29,2,1,230731,39808,/uufs/chpc.utah.edu/common/home/starr-group1/sequencing/TNS/2023/230925_Azenta-pools/230731_Vir-breadth-batch1/20230731-s11-b2_R1_001.fastq.gz
lib61_SARSr-wts,S2V29_01_bin3,S2V29,3,1,230731,175313,/uufs/chpc.utah.edu/common/home/starr-group1/sequencing/TNS/2023/230925_Azenta-pools/230731_Vir-breadth-batch1/20230731-s11-b3_R1_001.fastq.gz
lib61_SARSr-wts,S2V29_01_bin4,S2V29,4,1,230731,801175,/uufs/chpc.utah.edu/common/home/starr-group1/sequencing/TNS/2023/230925_Azenta-pools/230731_Vir-breadth-batch1/20230731-s11-b4_R1_001.fastq.gz
lib61_SARSr-wts,S2V29_02_bin1,S2V29,1,2,230731,94915,/uufs/chpc.utah.edu/common/home/starr-group1/sequencing/TNS/2023/230925_Azenta-pools/230731_Vir-breadth-batch1/20230731-s12-b1_R1_001.fastq.gz
lib61_SARSr-wts,S2V29_02_bin2,S2V29,2,2,230731,63561,/uufs/chpc.utah.edu/common/home/starr-group1/sequencing/TNS/2023/230925_Azenta-pools/230731_Vir-breadth-batch1/20230731-s12-b2_R1_001.fastq.gz
lib61_SARSr-wts,S2V29_02_bin3,S2V29,3,2,230731,207737,/uufs/chpc.utah.edu/common/home/starr-group1/sequencing/TNS/2023/230925_Azenta-pools/230731_Vir-breadth-batch1/20230731-s12-b3_R1_001.fastq.gz
lib61_SARSr-wts,S2V29_02_bin4,S2V29,4,2,230731,864196,/uufs/chpc.utah.edu/common/home/starr-group1/sequencing/TNS/2023/230925_Azenta-pools/230731_Vir-breadth-batch1/20230731-s12-b4_R1_001.fastq.gz
lib61_SARSr-wts,S2V29_03_bin1,S2V29,1,3,230731,157211,/uufs/chpc.utah.edu/common/home/starr-group1/sequencing/TNS/2023/230925_Azenta-pools/230731_Vir-breadth-batch1/20230731-s13-b1_R1_001.fastq.gz
lib61_SARSr-wts,S2V29_03_bin2,S2V29,2,3,230731,133318,/uufs/chpc.utah.edu/common/home/starr-group1/sequencing/TNS/2023/230925_Azenta-pools/230731_Vir-breadth-batch1/20230731-s13-b2_R1_001.fastq.gz
lib61_SARSr-wts,S2V29_03_bin3,S2V29,3,3,230731,412540,/uufs/chpc.utah.edu/common/home/starr-group1/sequencing/TNS/2023/230925_Azenta-pools/230731_Vir-breadth-batch1/20230731-s13-b3_R1_001.fastq.gz
lib61_SARSr-wts,S2V29_03_bin4,S2V29,4,3,230731,410738,/uufs/chpc.utah.edu/common/home/starr-group1/sequencing/TNS/2023/230925_Azenta-pools/230731_Vir-breadth-batch1/20230731-s13-b4_R1_001.fastq.gz
lib61_SARSr-wts,S2V29_04_bin1,S2V29,1,4,230731,267838,/uufs/chpc.utah.edu/common/home/starr-group1/sequencing/TNS/2023/230925_Azenta-pools/230731_Vir-breadth-batch1/20230731-s14-b1_R1_001.fastq.gz
lib61_SARSr-wts,S2V29_04_bin2,S2V29,2,4,230731,346761,/uufs/chpc.utah.edu/common/home/starr-group1/sequencing/TNS/2023/230925_Azenta-pools/230731_Vir-breadth-batch1/20230731-s14-b2_R1_001.fastq.gz
lib61_SARSr-wts,S2V29_04_bin3,S2V29,3,4,230731,491679,/uufs/chpc.utah.edu/common/home/starr-group1/sequencing/TNS/2023/230925_Azenta-pools/230731_Vir-breadth-batch1/20230731-s14-b3_R1_001.fastq.gz
lib61_SARSr-wts,S2V29_04_bin4,S2V29,4,4,230731,27,/uufs/chpc.utah.edu/common/home/starr-group1/sequencing/TNS/2023/230925_Azenta-pools/230731_Vir-breadth-batch1/20230731-s14-b4_R1_001.fastq.gz
lib61_SARSr-wts,S2V29_05_bin1,S2V29,1,5,230731,586453,/uufs/chpc.utah.edu/common/home/starr-group1/sequencing/TNS/2023/230925_Azenta-pools/230731_Vir-breadth-batch1/20230731-s15-b1_R1_001.fastq.gz
lib61_SARSr-wts,S2V29_05_bin2,S2V29,2,5,230731,585818,/uufs/chpc.utah.edu/common/home/starr-group1/sequencing/TNS/2023/230925_Azenta-pools/230731_Vir-breadth-batch1/20230731-s15-b2_R1_001.fastq.gz
lib61_SARSr-wts,S2V29_05_bin3,S2V29,3,5,230731,286,/uufs/chpc.utah.edu/common/home/starr-group1/sequencing/TNS/2023/230925_Azenta-pools/230731_Vir-breadth-batch1/20230731-s15-b3_R1_001.fastq.gz
lib61_SARSr-wts,S2V29_05_bin4,S2V29,4,5,230731,0,/uufs/chpc.utah.edu/common/home/starr-group1/sequencing/TNS/2023/230925_Azenta-pools/230731_Vir-breadth-batch1/20230731-s15-b4_R1_001.fastq.gz
lib61_SARSr-wts,S2K146_v860_01_bin1,S2K146_v860,1,1,230731,399530,/uufs/chpc.utah.edu/common/home/starr-group1/sequencing/TNS/2023/230925_Azenta-pools/230731_Vir-breadth-batch1/20230731-s20-b1_R1_001.fastq.gz
lib61_SARSr-wts,S2K146_v860_01_bin2,S2K146_v860,2,1,230731,323956,/uufs/chpc.utah.edu/common/home/starr-group1/sequencing/TNS/2023/230925_Azenta-pools/230731_Vir-breadth-batch1/20230731-s20-b2_R1_001.fastq.gz
lib61_SARSr-wts,S2K146_v860_01_bin3,S2K146_v860,3,1,230731,96256,/uufs/chpc.utah.edu/common/home/starr-group1/sequencing/TNS/2023/230925_Azenta-pools/230731_Vir-breadth-batch1/20230731-s20-b3_R1_001.fastq.gz
lib61_SARSr-wts,S2K146_v860_01_bin4,S2K146_v860,4,1,230731,377029,/uufs/chpc.utah.edu/common/home/u6042467/starr-group1/sequencing/TNS/2023/231018_bc_Vir-breadth-part2/s2k146-v860-01-b4_R1_001.fastq.gz
lib61_SARSr-wts,S2K146_v860_02_bin1,S2K146_v860,1,2,230731,606810,/uufs/chpc.utah.edu/common/home/starr-group1/sequencing/TNS/2023/230925_Azenta-pools/230731_Vir-breadth-batch1/20230731-s19-b1_R1_001.fastq.gz
lib61_SARSr-wts,S2K146_v860_02_bin2,S2K146_v860,2,2,230731,124302,/uufs/chpc.utah.edu/common/home/starr-group1/sequencing/TNS/2023/230925_Azenta-pools/230731_Vir-breadth-batch1/20230731-s19-b2_R1_001.fastq.gz
lib61_SARSr-wts,S2K146_v860_02_bin3,S2K146_v860,3,2,230731,82878,/uufs/chpc.utah.edu/common/home/starr-group1/sequencing/TNS/2023/230925_Azenta-pools/230731_Vir-breadth-batch1/20230731-s19-b3_R1_001.fastq.gz
lib61_SARSr-wts,S2K146_v860_02_bin4,S2K146_v860,4,2,230731,344659,/uufs/chpc.utah.edu/common/home/starr-group1/sequencing/TNS/2023/230925_Azenta-pools/230731_Vir-breadth-batch1/20230731-s19-b4_R1_001.fastq.gz
lib61_SARSr-wts,S2K146_v860_03_bin1,S2K146_v860,1,3,230731,611385,/uufs/chpc.utah.edu/common/home/starr-group1/sequencing/TNS/2023/230925_Azenta-pools/230731_Vir-breadth-batch1/20230731-s18-b1_R1_001.fastq.gz
lib61_SARSr-wts,S2K146_v860_03_bin2,S2K146_v860,2,3,230731,134318,/uufs/chpc.utah.edu/common/home/starr-group1/sequencing/TNS/2023/230925_Azenta-pools/230731_Vir-breadth-batch1/20230731-s18-b2_R1_001.fastq.gz
lib61_SARSr-wts,S2K146_v860_03_bin3,S2K146_v860,3,3,230731,95573,/uufs/chpc.utah.edu/common/home/starr-group1/sequencing/TNS/2023/230925_Azenta-pools/230731_Vir-breadth-batch1/20230731-s18-b3_R1_001.fastq.gz
lib61_SARSr-wts,S2K146_v860_03_bin4,S2K146_v860,4,3,230731,252431,/uufs/chpc.utah.edu/common/home/starr-group1/sequencing/TNS/2023/230925_Azenta-pools/230731_Vir-breadth-batch1/20230731-s18-b4_R1_001.fastq.gz
lib61_SARSr-wts,S2K146_v860_04_bin1,S2K146_v860,1,4,230731,703326,/uufs/chpc.utah.edu/common/home/u6042467/starr-group1/sequencing/TNS/2023/231018_bc_Vir-breadth-part2/s2k146-v860-04-b1_R1_001.fastq.gz
lib61_SARSr-wts,S2K146_v860_04_bin2,S2K146_v860,2,4,230731,139552,/uufs/chpc.utah.edu/common/home/starr-group1/sequencing/TNS/2023/230925_Azenta-pools/230731_Vir-breadth-batch1/20230731-s17-b2_R1_001.fastq.gz
lib61_SARSr-wts,S2K146_v860_04_bin3,S2K146_v860,3,4,230731,305721,/uufs/chpc.utah.edu/common/home/starr-group1/sequencing/TNS/2023/230925_Azenta-pools/230731_Vir-breadth-batch1/20230731-s17-b3_R1_001.fastq.gz
lib61_SARSr-wts,S2K146_v860_04_bin4,S2K146_v860,4,4,230731,41,/uufs/chpc.utah.edu/common/home/starr-group1/sequencing/TNS/2023/230925_Azenta-pools/230731_Vir-breadth-batch1/20230731-s17-b4_R1_001.fastq.gz
lib61_SARSr-wts,S2K146_v860_05_bin1,S2K146_v860,1,5,230731,1025382,/uufs/chpc.utah.edu/common/home/starr-group1/sequencing/TNS/2023/230925_Azenta-pools/230731_Vir-breadth-batch1/20230731-s16-b1_R1_001.fastq.gz
lib61_SARSr-wts,S2K146_v860_05_bin2,S2K146_v860,2,5,230731,384812,/uufs/chpc.utah.edu/common/home/starr-group1/sequencing/TNS/2023/230925_Azenta-pools/230731_Vir-breadth-batch1/20230731-s16-b2_R1_001.fastq.gz
lib61_SARSr-wts,S2K146_v860_05_bin3,S2K146_v860,3,5,230731,12,/uufs/chpc.utah.edu/common/home/starr-group1/sequencing/TNS/2023/230925_Azenta-pools/230731_Vir-breadth-batch1/20230731-s16-b3_R1_001.fastq.gz
lib61_SARSr-wts,S2K146_v860_05_bin4,S2K146_v860,4,5,230731,0,/uufs/chpc.utah.edu/common/home/starr-group1/sequencing/TNS/2023/230925_Azenta-pools/230731_Vir-breadth-batch1/20230731-s16-b4_R1_001.fastq.gz
lib61_SARSr-wts,S2V29_v37_2_01_bin1,S2V29_v37_2,1,1,230731,17770,/uufs/chpc.utah.edu/common/home/starr-group1/sequencing/TNS/2023/230925_Azenta-pools/230731_Vir-breadth-batch1/20230731-s25-b1_R1_001.fastq.gz
lib61_SARSr-wts,S2V29_v37_2_01_bin2,S2V29_v37_2,2,1,230731,8009,/uufs/chpc.utah.edu/common/home/starr-group1/sequencing/TNS/2023/230925_Azenta-pools/230731_Vir-breadth-batch1/20230731-s25-b2_R1_001.fastq.gz
lib61_SARSr-wts,S2V29_v37_2_01_bin3,S2V29_v37_2,3,1,230731,81588,/uufs/chpc.utah.edu/common/home/starr-group1/sequencing/TNS/2023/230925_Azenta-pools/230731_Vir-breadth-batch1/20230731-s25-b3_R1_001.fastq.gz
lib61_SARSr-wts,S2V29_v37_2_01_bin4,S2V29_v37_2,4,1,230731,1065421,/uufs/chpc.utah.edu/common/home/starr-group1/sequencing/TNS/2023/230925_Azenta-pools/230731_Vir-breadth-batch1/20230731-s25-b4_R1_001.fastq.gz
lib61_SARSr-wts,S2V29_v37_2_02_bin1,S2V29_v37_2,1,2,230731,26013,/uufs/chpc.utah.edu/common/home/starr-group1/sequencing/TNS/2023/230925_Azenta-pools/230731_Vir-breadth-batch1/20230731-s24-b1_R1_001.fastq.gz
lib61_SARSr-wts,S2V29_v37_2_02_bin2,S2V29_v37_2,2,2,230731,10321,/uufs/chpc.utah.edu/common/home/starr-group1/sequencing/TNS/2023/230925_Azenta-pools/230731_Vir-breadth-batch1/20230731-s24-b2_R1_001.fastq.gz
lib61_SARSr-wts,S2V29_v37_2_02_bin3,S2V29_v37_2,3,2,230731,72201,/uufs/chpc.utah.edu/common/home/starr-group1/sequencing/TNS/2023/230925_Azenta-pools/230731_Vir-breadth-batch1/20230731-s24-b3_R1_001.fastq.gz
lib61_SARSr-wts,S2V29_v37_2_02_bin4,S2V29_v37_2,4,2,230731,1020499,/uufs/chpc.utah.edu/common/home/starr-group1/sequencing/TNS/2023/230925_Azenta-pools/230731_Vir-breadth-batch1/20230731-s24-b4_R1_001.fastq.gz
lib61_SARSr-wts,S2V29_v37_2_03_bin1,S2V29_v37_2,1,3,230731,33261,/uufs/chpc.utah.edu/common/home/starr-group1/sequencing/TNS/2023/230925_Azenta-pools/230731_Vir-breadth-batch1/20230731-s23-b1_R1_001.fastq.gz
lib61_SARSr-wts,S2V29_v37_2_03_bin2,S2V29_v37_2,2,3,230731,33810,/uufs/chpc.utah.edu/common/home/starr-group1/sequencing/TNS/2023/230925_Azenta-pools/230731_Vir-breadth-batch1/20230731-s23-b2_R1_001.fastq.gz
lib61_SARSr-wts,S2V29_v37_2_03_bin3,S2V29_v37_2,3,3,230731,597862,/uufs/chpc.utah.edu/common/home/starr-group1/sequencing/TNS/2023/230925_Azenta-pools/230731_Vir-breadth-batch1/20230731-s23-b3_R1_001.fastq.gz
lib61_SARSr-wts,S2V29_v37_2_03_bin4,S2V29_v37_2,4,3,230731,537406,/uufs/chpc.utah.edu/common/home/starr-group1/sequencing/TNS/2023/230925_Azenta-pools/230731_Vir-breadth-batch1/20230731-s23-b4_R1_001.fastq.gz
lib61_SARSr-wts,S2V29_v37_2_04_bin1,S2V29_v37_2,1,4,230731,55130,/uufs/chpc.utah.edu/common/home/starr-group1/sequencing/TNS/2023/230925_Azenta-pools/230731_Vir-breadth-batch1/20230731-s22-b1_R1_001.fastq.gz
lib61_SARSr-wts,S2V29_v37_2_04_bin2,S2V29_v37_2,2,4,230731,415715,/uufs/chpc.utah.edu/common/home/starr-group1/sequencing/TNS/2023/230925_Azenta-pools/230731_Vir-breadth-batch1/20230731-s22-b2_R1_001.fastq.gz
lib61_SARSr-wts,S2V29_v37_2_04_bin3,S2V29_v37_2,3,4,230731,581476,/uufs/chpc.utah.edu/common/home/starr-group1/sequencing/TNS/2023/230925_Azenta-pools/230731_Vir-breadth-batch1/20230731-s22-b3_R1_001.fastq.gz
lib61_SARSr-wts,S2V29_v37_2_04_bin4,S2V29_v37_2,4,4,230731,10,/uufs/chpc.utah.edu/common/home/starr-group1/sequencing/TNS/2023/230925_Azenta-pools/230731_Vir-breadth-batch1/20230731-s22-b4_R1_001.fastq.gz
lib61_SARSr-wts,S2V29_v37_2_05_bin1,S2V29_v37_2,1,5,230731,398269,/uufs/chpc.utah.edu/common/home/starr-group1/sequencing/TNS/2023/230925_Azenta-pools/230731_Vir-breadth-batch1/20230731-s21-b1_R1_001.fastq.gz
lib61_SARSr-wts,S2V29_v37_2_05_bin2,S2V29_v37_2,2,5,230731,697019,/uufs/chpc.utah.edu/common/home/starr-group1/sequencing/TNS/2023/230925_Azenta-pools/230731_Vir-breadth-batch1/20230731-s21-b2_R1_001.fastq.gz
lib61_SARSr-wts,S2V29_v37_2_05_bin3,S2V29_v37_2,3,5,230731,286,/uufs/chpc.utah.edu/common/home/starr-group1/sequencing/TNS/2023/230925_Azenta-pools/230731_Vir-breadth-batch1/20230731-s21-b3_R1_001.fastq.gz
lib61_SARSr-wts,S2V29_v37_2_05_bin4,S2V29_v37_2,4,5,230731,0,/uufs/chpc.utah.edu/common/home/starr-group1/sequencing/TNS/2023/230925_Azenta-pools/230731_Vir-breadth-batch1/20230731-s21-b4_R1_001.fastq.gz
lib61_SARSr-wts,S2K146_UCA_01_bin1,S2K146_UCA,1,1,230810,424406,/uufs/chpc.utah.edu/common/home/u6042467/starr-group1/sequencing/TNS/2023/231018_bc_Vir-breadth-part2/2023-08-10-s2k146-uca-01-b1_R1_001.fastq.gz
lib61_SARSr-wts,S2K146_UCA_01_bin2,S2K146_UCA,2,1,230810,458416,/uufs/chpc.utah.edu/common/home/starr-group1/sequencing/TNS/2023/230925_Azenta-pools/230810_Vir-breadth-batch2/20230810-s27-b2_R1_001.fastq.gz
lib61_SARSr-wts,S2K146_UCA_01_bin3,S2K146_UCA,3,1,230810,186576,/uufs/chpc.utah.edu/common/home/starr-group1/sequencing/TNS/2023/230925_Azenta-pools/230810_Vir-breadth-batch2/20230810-s27-b3_R1_001.fastq.gz
lib61_SARSr-wts,S2K146_UCA_01_bin4,S2K146_UCA,4,1,230810,151325,/uufs/chpc.utah.edu/common/home/starr-group1/sequencing/TNS/2023/230925_Azenta-pools/230810_Vir-breadth-batch2/20230810-s27-b4_R1_001.fastq.gz
lib61_SARSr-wts,S2K146_UCA_02_bin1,S2K146_UCA,1,2,230810,885667,/uufs/chpc.utah.edu/common/home/starr-group1/sequencing/TNS/2023/230925_Azenta-pools/230810_Vir-breadth-batch2/20230810-s28-b1_R1_001.fastq.gz
lib61_SARSr-wts,S2K146_UCA_02_bin2,S2K146_UCA,2,2,230810,257657,/uufs/chpc.utah.edu/common/home/starr-group1/sequencing/TNS/2023/230925_Azenta-pools/230810_Vir-breadth-batch2/20230810-s28-b2_R1_001.fastq.gz
lib61_SARSr-wts,S2K146_UCA_02_bin3,S2K146_UCA,3,2,230810,101768,/uufs/chpc.utah.edu/common/home/starr-group1/sequencing/TNS/2023/230925_Azenta-pools/230810_Vir-breadth-batch2/20230810-s28-b3_R1_001.fastq.gz
lib61_SARSr-wts,S2K146_UCA_02_bin4,S2K146_UCA,4,2,230810,154915,/uufs/chpc.utah.edu/common/home/starr-group1/sequencing/TNS/2023/230925_Azenta-pools/230810_Vir-breadth-batch2/20230810-s28-b4_R1_001.fastq.gz
lib61_SARSr-wts,S2K146_UCA_03_bin1,S2K146_UCA,1,3,230810,911023,/uufs/chpc.utah.edu/common/home/starr-group1/sequencing/TNS/2023/230925_Azenta-pools/230810_Vir-breadth-batch2/20230810-s29-b1_R1_001.fastq.gz
lib61_SARSr-wts,S2K146_UCA_03_bin2,S2K146_UCA,2,3,230810,135125,/uufs/chpc.utah.edu/common/home/starr-group1/sequencing/TNS/2023/230925_Azenta-pools/230810_Vir-breadth-batch2/20230810-s29-b2_R1_001.fastq.gz
lib61_SARSr-wts,S2K146_UCA_03_bin3,S2K146_UCA,3,3,230810,90044,/uufs/chpc.utah.edu/common/home/starr-group1/sequencing/TNS/2023/230925_Azenta-pools/230810_Vir-breadth-batch2/20230810-s29-b3_R1_001.fastq.gz
lib61_SARSr-wts,S2K146_UCA_03_bin4,S2K146_UCA,4,3,230810,41068,/uufs/chpc.utah.edu/common/home/starr-group1/sequencing/TNS/2023/230925_Azenta-pools/230810_Vir-breadth-batch2/20230810-s29-b4_R1_001.fastq.gz
lib61_SARSr-wts,S2K146_UCA_04_bin1,S2K146_UCA,1,4,230810,908252,/uufs/chpc.utah.edu/common/home/starr-group1/sequencing/TNS/2023/230925_Azenta-pools/230810_Vir-breadth-batch2/20230810-s30-b1_R1_001.fastq.gz
lib61_SARSr-wts,S2K146_UCA_04_bin2,S2K146_UCA,2,4,230810,118681,/uufs/chpc.utah.edu/common/home/starr-group1/sequencing/TNS/2023/230925_Azenta-pools/230810_Vir-breadth-batch2/20230810-s30-b2_R1_001.fastq.gz
lib61_SARSr-wts,S2K146_UCA_04_bin3,S2K146_UCA,3,4,230810,36942,/uufs/chpc.utah.edu/common/home/starr-group1/sequencing/TNS/2023/230925_Azenta-pools/230810_Vir-breadth-batch2/20230810-s30-b3_R1_001.fastq.gz
lib61_SARSr-wts,S2K146_UCA_04_bin4,S2K146_UCA,4,4,230810,3,/uufs/chpc.utah.edu/common/home/starr-group1/sequencing/TNS/2023/230925_Azenta-pools/230810_Vir-breadth-batch2/20230810-s30-b4_R1_001.fastq.gz
lib61_SARSr-wts,S2K146_UCA_05_bin1,S2K146_UCA,1,5,230810,995423,/uufs/chpc.utah.edu/common/home/starr-group1/sequencing/TNS/2023/230925_Azenta-pools/230810_Vir-breadth-batch2/20230810-s31-b1_R1_001.fastq.gz
lib61_SARSr-wts,S2K146_UCA_05_bin2,S2K146_UCA,2,5,230810,88545,/uufs/chpc.utah.edu/common/home/starr-group1/sequencing/TNS/2023/230925_Azenta-pools/230810_Vir-breadth-batch2/20230810-s31-b2_R1_001.fastq.gz
lib61_SARSr-wts,S2K146_UCA_05_bin3,S2K146_UCA,3,5,230810,9,/uufs/chpc.utah.edu/common/home/starr-group1/sequencing/TNS/2023/230925_Azenta-pools/230810_Vir-breadth-batch2/20230810-s31-b3_R1_001.fastq.gz
lib61_SARSr-wts,S2K146_UCA_05_bin4,S2K146_UCA,4,5,230810,0,/uufs/chpc.utah.edu/common/home/starr-group1/sequencing/TNS/2023/230925_Azenta-pools/230810_Vir-breadth-batch2/20230810-s31-b4_R1_001.fastq.gz
lib61_SARSr-wts,S2K146_UCA_06_bin1,S2K146_UCA,1,6,230810,1022881,/uufs/chpc.utah.edu/common/home/starr-group1/sequencing/TNS/2023/230925_Azenta-pools/230810_Vir-breadth-batch2/20230810-s47-b1_R1_001.fastq.gz
lib61_SARSr-wts,S2K146_UCA_06_bin2,S2K146_UCA,2,6,230810,46221,/uufs/chpc.utah.edu/common/home/starr-group1/sequencing/TNS/2023/230925_Azenta-pools/230810_Vir-breadth-batch2/20230810-s47-b2_R1_001.fastq.gz
lib61_SARSr-wts,S2K146_UCA_06_bin3,S2K146_UCA,3,6,230810,13,/uufs/chpc.utah.edu/common/home/starr-group1/sequencing/TNS/2023/230925_Azenta-pools/230810_Vir-breadth-batch2/20230810-s47-b3_R1_001.fastq.gz
lib61_SARSr-wts,S2K146_UCA_06_bin4,S2K146_UCA,4,6,230810,0,/uufs/chpc.utah.edu/common/home/starr-group1/sequencing/TNS/2023/230925_Azenta-pools/230810_Vir-breadth-batch2/20230810-s47-b4_R1_001.fastq.gz
lib61_SARSr-wts,S3L17_UCA_01_bin1,S3L17_UCA,1,1,230810,576331,/uufs/chpc.utah.edu/common/home/starr-group1/sequencing/TNS/2023/230925_Azenta-pools/230810_Vir-breadth-batch2/20230810-s32-b1_R1_001.fastq.gz
lib61_SARSr-wts,S3L17_UCA_01_bin2,S3L17_UCA,2,1,230810,791046,/uufs/chpc.utah.edu/common/home/starr-group1/sequencing/TNS/2023/230925_Azenta-pools/230810_Vir-breadth-batch2/20230810-s32-b2_R1_001.fastq.gz
lib61_SARSr-wts,S3L17_UCA_01_bin3,S3L17_UCA,3,1,230810,107805,/uufs/chpc.utah.edu/common/home/starr-group1/sequencing/TNS/2023/230925_Azenta-pools/230810_Vir-breadth-batch2/20230810-s32-b3_R1_001.fastq.gz
lib61_SARSr-wts,S3L17_UCA_01_bin4,S3L17_UCA,4,1,230810,17145,/uufs/chpc.utah.edu/common/home/starr-group1/sequencing/TNS/2023/230925_Azenta-pools/230810_Vir-breadth-batch2/20230810-s32-b4_R1_001.fastq.gz
lib61_SARSr-wts,S3L17_UCA_02_bin1,S3L17_UCA,1,2,230810,879775,/uufs/chpc.utah.edu/common/home/starr-group1/sequencing/TNS/2023/230925_Azenta-pools/230810_Vir-breadth-batch2/20230810-s33-b1_R1_001.fastq.gz
lib61_SARSr-wts,S3L17_UCA_02_bin2,S3L17_UCA,2,2,230810,141077,/uufs/chpc.utah.edu/common/home/starr-group1/sequencing/TNS/2023/230925_Azenta-pools/230810_Vir-breadth-batch2/20230810-s33-b2_R1_001.fastq.gz
lib61_SARSr-wts,S3L17_UCA_02_bin3,S3L17_UCA,3,2,230810,23340,/uufs/chpc.utah.edu/common/home/starr-group1/sequencing/TNS/2023/230925_Azenta-pools/230810_Vir-breadth-batch2/20230810-s33-b3_R1_001.fastq.gz
lib61_SARSr-wts,S3L17_UCA_02_bin4,S3L17_UCA,4,2,230810,196,/uufs/chpc.utah.edu/common/home/starr-group1/sequencing/TNS/2023/230925_Azenta-pools/230810_Vir-breadth-batch2/20230810-s33-b4_R1_001.fastq.gz
lib61_SARSr-wts,S3L17_UCA_03_bin1,S3L17_UCA,1,3,230810,968528,/uufs/chpc.utah.edu/common/home/starr-group1/sequencing/TNS/2023/230925_Azenta-pools/230810_Vir-breadth-batch2/20230810-s34-b1_R1_001.fastq.gz
lib61_SARSr-wts,S3L17_UCA_03_bin2,S3L17_UCA,2,3,230810,60727,/uufs/chpc.utah.edu/common/home/starr-group1/sequencing/TNS/2023/230925_Azenta-pools/230810_Vir-breadth-batch2/20230810-s34-b2_R1_001.fastq.gz
lib61_SARSr-wts,S3L17_UCA_03_bin3,S3L17_UCA,3,3,230810,172,/uufs/chpc.utah.edu/common/home/starr-group1/sequencing/TNS/2023/230925_Azenta-pools/230810_Vir-breadth-batch2/20230810-s34-b3_R1_001.fastq.gz
lib61_SARSr-wts,S3L17_UCA_03_bin4,S3L17_UCA,4,3,230810,66,/uufs/chpc.utah.edu/common/home/starr-group1/sequencing/TNS/2023/230925_Azenta-pools/230810_Vir-breadth-batch2/20230810-s34-b4_R1_001.fastq.gz
lib61_SARSr-wts,S3L17_UCA_04_bin1,S3L17_UCA,1,4,230810,872637,/uufs/chpc.utah.edu/common/home/starr-group1/sequencing/TNS/2023/230925_Azenta-pools/230810_Vir-breadth-batch2/20230810-s35-b1_R1_001.fastq.gz
lib61_SARSr-wts,S3L17_UCA_04_bin2,S3L17_UCA,2,4,230810,38532,/uufs/chpc.utah.edu/common/home/starr-group1/sequencing/TNS/2023/230925_Azenta-pools/230810_Vir-breadth-batch2/20230810-s35-b2_R1_001.fastq.gz
lib61_SARSr-wts,S3L17_UCA_04_bin3,S3L17_UCA,3,4,230810,69,/uufs/chpc.utah.edu/common/home/starr-group1/sequencing/TNS/2023/230925_Azenta-pools/230810_Vir-breadth-batch2/20230810-s35-b3_R1_001.fastq.gz
lib61_SARSr-wts,S3L17_UCA_04_bin4,S3L17_UCA,4,4,230810,0,/uufs/chpc.utah.edu/common/home/starr-group1/sequencing/TNS/2023/230925_Azenta-pools/230810_Vir-breadth-batch2/20230810-s35-b4_R1_001.fastq.gz
lib61_SARSr-wts,S3L17_UCA_05_bin1,S3L17_UCA,1,5,230810,971406,/uufs/chpc.utah.edu/common/home/starr-group1/sequencing/TNS/2023/230925_Azenta-pools/230810_Vir-breadth-batch2/20230810-s36-b1_R1_001.fastq.gz
lib61_SARSr-wts,S3L17_UCA_05_bin2,S3L17_UCA,2,5,230810,43969,/uufs/chpc.utah.edu/common/home/starr-group1/sequencing/TNS/2023/230925_Azenta-pools/230810_Vir-breadth-batch2/20230810-s36-b2_R1_001.fastq.gz
lib61_SARSr-wts,S3L17_UCA_05_bin3,S3L17_UCA,3,5,230810,7,/uufs/chpc.utah.edu/common/home/starr-group1/sequencing/TNS/2023/230925_Azenta-pools/230810_Vir-breadth-batch2/20230810-s36-b3_R1_001.fastq.gz
lib61_SARSr-wts,S3L17_UCA_05_bin4,S3L17_UCA,4,5,230810,1,/uufs/chpc.utah.edu/common/home/starr-group1/sequencing/TNS/2023/230925_Azenta-pools/230810_Vir-breadth-batch2/20230810-s36-b4_R1_001.fastq.gz
lib61_SARSr-wts,S2V29_UCA_01_bin1,S2V29_UCA,1,1,230810,92700,/uufs/chpc.utah.edu/common/home/starr-group1/sequencing/TNS/2023/230925_Azenta-pools/230810_Vir-breadth-batch2/20230810-s37-b1_R1_001.fastq.gz
lib61_SARSr-wts,S2V29_UCA_01_bin2,S2V29_UCA,2,1,230810,808021,/uufs/chpc.utah.edu/common/home/starr-group1/sequencing/TNS/2023/230925_Azenta-pools/230810_Vir-breadth-batch2/20230810-s37-b2_R1_001.fastq.gz
lib61_SARSr-wts,S2V29_UCA_01_bin3,S2V29_UCA,3,1,230810,216014,/uufs/chpc.utah.edu/common/home/starr-group1/sequencing/TNS/2023/230925_Azenta-pools/230810_Vir-breadth-batch2/20230810-s37-b3_R1_001.fastq.gz
lib61_SARSr-wts,S2V29_UCA_01_bin4,S2V29_UCA,4,1,230810,5450,/uufs/chpc.utah.edu/common/home/starr-group1/sequencing/TNS/2023/230925_Azenta-pools/230810_Vir-breadth-batch2/20230810-s37-b4_R1_001.fastq.gz
lib61_SARSr-wts,S2V29_UCA_02_bin1,S2V29_UCA,1,2,230810,603255,/uufs/chpc.utah.edu/common/home/starr-group1/sequencing/TNS/2023/230925_Azenta-pools/230810_Vir-breadth-batch2/20230810-s38-b1_R1_001.fastq.gz
lib61_SARSr-wts,S2V29_UCA_02_bin2,S2V29_UCA,2,2,230810,441873,/uufs/chpc.utah.edu/common/home/starr-group1/sequencing/TNS/2023/230925_Azenta-pools/230810_Vir-breadth-batch2/20230810-s38-b2_R1_001.fastq.gz
lib61_SARSr-wts,S2V29_UCA_02_bin3,S2V29_UCA,3,2,230810,8639,/uufs/chpc.utah.edu/common/home/starr-group1/sequencing/TNS/2023/230925_Azenta-pools/230810_Vir-breadth-batch2/20230810-s38-b3_R1_001.fastq.gz
lib61_SARSr-wts,S2V29_UCA_02_bin4,S2V29_UCA,4,2,230810,18,/uufs/chpc.utah.edu/common/home/starr-group1/sequencing/TNS/2023/230925_Azenta-pools/230810_Vir-breadth-batch2/20230810-s38-b4_R1_001.fastq.gz
lib61_SARSr-wts,S2V29_UCA_03_bin1,S2V29_UCA,1,3,230810,961302,/uufs/chpc.utah.edu/common/home/starr-group1/sequencing/TNS/2023/230925_Azenta-pools/230810_Vir-breadth-batch2/20230810-s39-b1_R1_001.fastq.gz
lib61_SARSr-wts,S2V29_UCA_03_bin2,S2V29_UCA,2,3,230810,77332,/uufs/chpc.utah.edu/common/home/starr-group1/sequencing/TNS/2023/230925_Azenta-pools/230810_Vir-breadth-batch2/20230810-s39-b2_R1_001.fastq.gz
lib61_SARSr-wts,S2V29_UCA_03_bin3,S2V29_UCA,3,3,230810,34,/uufs/chpc.utah.edu/common/home/starr-group1/sequencing/TNS/2023/230925_Azenta-pools/230810_Vir-breadth-batch2/20230810-s39-b3_R1_001.fastq.gz
lib61_SARSr-wts,S2V29_UCA_03_bin4,S2V29_UCA,4,3,230810,0,/uufs/chpc.utah.edu/common/home/starr-group1/sequencing/TNS/2023/230925_Azenta-pools/230810_Vir-breadth-batch2/20230810-s39-b4_R1_001.fastq.gz
lib61_SARSr-wts,S2V29_UCA_04_bin1,S2V29_UCA,1,4,230810,988436,/uufs/chpc.utah.edu/common/home/starr-group1/sequencing/TNS/2023/230925_Azenta-pools/230810_Vir-breadth-batch2/20230810-s40-b1_R1_001.fastq.gz
lib61_SARSr-wts,S2V29_UCA_04_bin2,S2V29_UCA,2,4,230810,45547,/uufs/chpc.utah.edu/common/home/starr-group1/sequencing/TNS/2023/230925_Azenta-pools/230810_Vir-breadth-batch2/20230810-s40-b2_R1_001.fastq.gz
lib61_SARSr-wts,S2V29_UCA_04_bin3,S2V29_UCA,3,4,230810,12,/uufs/chpc.utah.edu/common/home/starr-group1/sequencing/TNS/2023/230925_Azenta-pools/230810_Vir-breadth-batch2/20230810-s40-b3_R1_001.fastq.gz
lib61_SARSr-wts,S2V29_UCA_04_bin4,S2V29_UCA,4,4,230810,2,/uufs/chpc.utah.edu/common/home/starr-group1/sequencing/TNS/2023/230925_Azenta-pools/230810_Vir-breadth-batch2/20230810-s40-b4_R1_001.fastq.gz
lib61_SARSr-wts,S2V29_UCA_05_bin1,S2V29_UCA,1,5,230810,1000215,/uufs/chpc.utah.edu/common/home/starr-group1/sequencing/TNS/2023/230925_Azenta-pools/230810_Vir-breadth-batch2/20230810-s41-b1_R1_001.fastq.gz
lib61_SARSr-wts,S2V29_UCA_05_bin2,S2V29_UCA,2,5,230810,44486,/uufs/chpc.utah.edu/common/home/starr-group1/sequencing/TNS/2023/230925_Azenta-pools/230810_Vir-breadth-batch2/20230810-s41-b2_R1_001.fastq.gz
lib61_SARSr-wts,S2V29_UCA_05_bin3,S2V29_UCA,3,5,230810,17,/uufs/chpc.utah.edu/common/home/starr-group1/sequencing/TNS/2023/230925_Azenta-pools/230810_Vir-breadth-batch2/20230810-s41-b3_R1_001.fastq.gz
lib61_SARSr-wts,S2V29_UCA_05_bin4,S2V29_UCA,4,5,230810,1,/uufs/chpc.utah.edu/common/home/starr-group1/sequencing/TNS/2023/230925_Azenta-pools/230810_Vir-breadth-batch2/20230810-s41-b4_R1_001.fastq.gz
lib61_SARSr-wts,S309_887_01_bin1,S309_887,1,1,230810,132245,/uufs/chpc.utah.edu/common/home/starr-group1/sequencing/TNS/2023/230925_Azenta-pools/230810_Vir-breadth-batch2/20230810-s42-b1_R1_001.fastq.gz
lib61_SARSr-wts,S309_887_01_bin2,S309_887,2,1,230810,170517,/uufs/chpc.utah.edu/common/home/starr-group1/sequencing/TNS/2023/230925_Azenta-pools/230810_Vir-breadth-batch2/20230810-s42-b2_R1_001.fastq.gz
lib61_SARSr-wts,S309_887_01_bin3,S309_887,3,1,230810,153986,/uufs/chpc.utah.edu/common/home/starr-group1/sequencing/TNS/2023/230925_Azenta-pools/230810_Vir-breadth-batch2/20230810-s42-b3_R1_001.fastq.gz
lib61_SARSr-wts,S309_887_01_bin4,S309_887,4,1,230810,632790,/uufs/chpc.utah.edu/common/home/starr-group1/sequencing/TNS/2023/230925_Azenta-pools/230810_Vir-breadth-batch2/20230810-s42-b4_R1_001.fastq.gz
lib61_SARSr-wts,S309_887_02_bin1,S309_887,1,2,230810,285343,/uufs/chpc.utah.edu/common/home/starr-group1/sequencing/TNS/2023/230925_Azenta-pools/230810_Vir-breadth-batch2/20230810-s43-b1_R1_001.fastq.gz
lib61_SARSr-wts,S309_887_02_bin2,S309_887,2,2,230810,103938,/uufs/chpc.utah.edu/common/home/starr-group1/sequencing/TNS/2023/230925_Azenta-pools/230810_Vir-breadth-batch2/20230810-s43-b2_R1_001.fastq.gz
lib61_SARSr-wts,S309_887_02_bin3,S309_887,3,2,230810,116989,/uufs/chpc.utah.edu/common/home/starr-group1/sequencing/TNS/2023/230925_Azenta-pools/230810_Vir-breadth-batch2/20230810-s43-b3_R1_001.fastq.gz
lib61_SARSr-wts,S309_887_02_bin4,S309_887,4,2,230810,606688,/uufs/chpc.utah.edu/common/home/starr-group1/sequencing/TNS/2023/230925_Azenta-pools/230810_Vir-breadth-batch2/20230810-s43-b4_R1_001.fastq.gz
lib61_SARSr-wts,S309_887_03_bin1,S309_887,1,3,230810,313442,/uufs/chpc.utah.edu/common/home/starr-group1/sequencing/TNS/2023/230925_Azenta-pools/230810_Vir-breadth-batch2/20230810-s44-b1_R1_001.fastq.gz
lib61_SARSr-wts,S309_887_03_bin2,S309_887,2,3,230810,103958,/uufs/chpc.utah.edu/common/home/starr-group1/sequencing/TNS/2023/230925_Azenta-pools/230810_Vir-breadth-batch2/20230810-s44-b2_R1_001.fastq.gz
lib61_SARSr-wts,S309_887_03_bin3,S309_887,3,3,230810,539597,/uufs/chpc.utah.edu/common/home/starr-group1/sequencing/TNS/2023/230925_Azenta-pools/230810_Vir-breadth-batch2/20230810-s44-b3_R1_001.fastq.gz
lib61_SARSr-wts,S309_887_03_bin4,S309_887,4,3,230810,157887,/uufs/chpc.utah.edu/common/home/starr-group1/sequencing/TNS/2023/230925_Azenta-pools/230810_Vir-breadth-batch2/20230810-s44-b4_R1_001.fastq.gz
lib61_SARSr-wts,S309_887_04_bin1,S309_887,1,4,230810,385510,/uufs/chpc.utah.edu/common/home/starr-group1/sequencing/TNS/2023/230925_Azenta-pools/230810_Vir-breadth-batch2/20230810-s45-b1_R1_001.fastq.gz
lib61_SARSr-wts,S309_887_04_bin2,S309_887,2,4,230810,559829,/uufs/chpc.utah.edu/common/home/starr-group1/sequencing/TNS/2023/230925_Azenta-pools/230810_Vir-breadth-batch2/20230810-s45-b2_R1_001.fastq.gz
lib61_SARSr-wts,S309_887_04_bin3,S309_887,3,4,230810,145072,/uufs/chpc.utah.edu/common/home/starr-group1/sequencing/TNS/2023/230925_Azenta-pools/230810_Vir-breadth-batch2/20230810-s45-b3_R1_001.fastq.gz
lib61_SARSr-wts,S309_887_04_bin4,S309_887,4,4,230810,2,/uufs/chpc.utah.edu/common/home/starr-group1/sequencing/TNS/2023/230925_Azenta-pools/230810_Vir-breadth-batch2/20230810-s45-b4_R1_001.fastq.gz
lib61_SARSr-wts,S309_887_05_bin1,S309_887,1,5,230810,708696,/uufs/chpc.utah.edu/common/home/u6042467/starr-group1/sequencing/TNS/2023/231018_bc_Vir-breadth-part2/2023-08-10-s309-887-05-b1_R1_001.fastq.gz
lib61_SARSr-wts,S309_887_05_bin2,S309_887,2,5,230810,342474,/uufs/chpc.utah.edu/common/home/starr-group1/sequencing/TNS/2023/230925_Azenta-pools/230810_Vir-breadth-batch2/20230810-s46-b2_R1_001.fastq.gz
lib61_SARSr-wts,S309_887_05_bin3,S309_887,3,5,230810,25,/uufs/chpc.utah.edu/common/home/starr-group1/sequencing/TNS/2023/230925_Azenta-pools/230810_Vir-breadth-batch2/20230810-s46-b3_R1_001.fastq.gz
lib61_SARSr-wts,S309_887_05_bin4,S309_887,4,5,230810,3,/uufs/chpc.utah.edu/common/home/starr-group1/sequencing/TNS/2023/230925_Azenta-pools/230810_Vir-breadth-batch2/20230810-s46-b4_R1_001.fastq.gz
lib61_SARSr-wts,S2X259_01_bin1,S2X259,1,1,230920,42000,/uufs/chpc.utah.edu/common/home/u6042467/starr-group1/sequencing/TNS/2023/231018_bc_Vir-breadth-part2/20230920-s1-b1_R1_001.fastq.gz
lib61_SARSr-wts,S2X259_01_bin2,S2X259,2,1,230920,37000,/uufs/chpc.utah.edu/common/home/u6042467/starr-group1/sequencing/TNS/2023/231018_bc_Vir-breadth-part2/20230920-s1-b2_R1_001.fastq.gz
lib61_SARSr-wts,S2X259_01_bin3,S2X259,3,1,230920,118000,/uufs/chpc.utah.edu/common/home/u6042467/starr-group1/sequencing/TNS/2023/231018_bc_Vir-breadth-part2/20230920-s1-b3_R1_001.fastq.gz
lib61_SARSr-wts,S2X259_01_bin4,S2X259,4,1,230920,803000,/uufs/chpc.utah.edu/common/home/u6042467/starr-group1/sequencing/TNS/2023/231018_bc_Vir-breadth-part2/20230920-s1-b4_R1_001.fastq.gz
lib61_SARSr-wts,S2X259_02_bin1,S2X259,1,2,230920,81000,/uufs/chpc.utah.edu/common/home/u6042467/starr-group1/sequencing/TNS/2023/231018_bc_Vir-breadth-part2/20230920-s2-b1_R1_001.fastq.gz
lib61_SARSr-wts,S2X259_02_bin2,S2X259,2,2,230920,40000,/uufs/chpc.utah.edu/common/home/u6042467/starr-group1/sequencing/TNS/2023/231018_bc_Vir-breadth-part2/20230920-s2-b2_R1_001.fastq.gz
lib61_SARSr-wts,S2X259_02_bin3,S2X259,3,2,230920,104000,/uufs/chpc.utah.edu/common/home/u6042467/starr-group1/sequencing/TNS/2023/231018_bc_Vir-breadth-part2/20230920-s2-b3_R1_001.fastq.gz
lib61_SARSr-wts,S2X259_02_bin4,S2X259,4,2,230920,774000,/uufs/chpc.utah.edu/common/home/u6042467/starr-group1/sequencing/TNS/2023/231018_bc_Vir-breadth-part2/20230920-s2-b4_R1_001.fastq.gz
lib61_SARSr-wts,S2X259_03_bin1,S2X259,1,3,230920,130452,/uufs/chpc.utah.edu/common/home/u6042467/starr-group1/sequencing/TNS/2023/231018_bc_Vir-breadth-part2/20230920-s3-b1_R1_001.fastq.gz
lib61_SARSr-wts,S2X259_03_bin2,S2X259,2,3,230920,86237,/uufs/chpc.utah.edu/common/home/u6042467/starr-group1/sequencing/TNS/2023/231018_bc_Vir-breadth-part2/20230920-s3-b2_R1_001.fastq.gz
lib61_SARSr-wts,S2X259_03_bin3,S2X259,3,3,230920,418400,/uufs/chpc.utah.edu/common/home/u6042467/starr-group1/sequencing/TNS/2023/231018_bc_Vir-breadth-part2/20230920-s3-b3_R1_001.fastq.gz
lib61_SARSr-wts,S2X259_03_bin4,S2X259,4,3,230920,461483,/uufs/chpc.utah.edu/common/home/u6042467/starr-group1/sequencing/TNS/2023/231018_bc_Vir-breadth-part2/20230920-s3-b4_R1_001.fastq.gz
lib61_SARSr-wts,S2X259_04_bin1,S2X259,1,4,230920,224629,/uufs/chpc.utah.edu/common/home/u6042467/starr-group1/sequencing/TNS/2023/231018_bc_Vir-breadth-part2/20230920-s4-b1_R1_001.fastq.gz
lib61_SARSr-wts,S2X259_04_bin2,S2X259,2,4,230920,429198,/uufs/chpc.utah.edu/common/home/u6042467/starr-group1/sequencing/TNS/2023/231018_bc_Vir-breadth-part2/20230920-s4-b2_R1_001.fastq.gz
lib61_SARSr-wts,S2X259_04_bin3,S2X259,3,4,230920,566375,/uufs/chpc.utah.edu/common/home/u6042467/starr-group1/sequencing/TNS/2023/231018_bc_Vir-breadth-part2/20230920-s4-b3_R1_001.fastq.gz
lib61_SARSr-wts,S2X259_04_bin4,S2X259,4,4,230920,16,/uufs/chpc.utah.edu/common/home/u6042467/starr-group1/sequencing/TNS/2023/231018_bc_Vir-breadth-part2/20230920-s4-b4_R1_001.fastq.gz
lib61_SARSr-wts,S2X259_05_bin1,S2X259,1,5,230920,467629,/uufs/chpc.utah.edu/common/home/u6042467/starr-group1/sequencing/TNS/2023/231018_bc_Vir-breadth-part2/20230920-s5-b1_R1_001.fastq.gz
lib61_SARSr-wts,S2X259_05_bin2,S2X259,2,5,230920,592810,/uufs/chpc.utah.edu/common/home/u6042467/starr-group1/sequencing/TNS/2023/231018_bc_Vir-breadth-part2/20230920-s5-b2_R1_001.fastq.gz
lib61_SARSr-wts,S2X259_05_bin3,S2X259,3,5,230920,58,/uufs/chpc.utah.edu/common/home/u6042467/starr-group1/sequencing/TNS/2023/231018_bc_Vir-breadth-part2/20230920-s5-b3_R1_001.fastq.gz
lib61_SARSr-wts,S2X259_05_bin4,S2X259,4,5,230920,4,/uufs/chpc.utah.edu/common/home/u6042467/starr-group1/sequencing/TNS/2023/231018_bc_Vir-breadth-part2/20230920-s5-b4_R1_001.fastq.gz
lib61_SARSr-wts,S2X259_06_bin1,S2X259,1,6,230920,1003715,/uufs/chpc.utah.edu/common/home/u6042467/starr-group1/sequencing/TNS/2023/231018_bc_Vir-breadth-part2/20230920-s21-b1_R1_001.fastq.gz
lib61_SARSr-wts,S2X259_06_bin2,S2X259,2,6,230920,49267,/uufs/chpc.utah.edu/common/home/u6042467/starr-group1/sequencing/TNS/2023/231018_bc_Vir-breadth-part2/20230920-s21-b2_R1_001.fastq.gz
lib61_SARSr-wts,S2X259_06_bin3,S2X259,3,6,230920,17,/uufs/chpc.utah.edu/common/home/u6042467/starr-group1/sequencing/TNS/2023/231018_bc_Vir-breadth-part2/20230920-s21-b3_R1_001.fastq.gz
lib61_SARSr-wts,S2X259_06_bin4,S2X259,4,6,230920,3,/uufs/chpc.utah.edu/common/home/u6042467/starr-group1/sequencing/TNS/2023/231018_bc_Vir-breadth-part2/20230920-s21-b4_R1_001.fastq.gz
lib61_SARSr-wts,SA55_01_bin1,SA55,1,1,230920,271058,/uufs/chpc.utah.edu/common/home/u6042467/starr-group1/sequencing/TNS/2023/231018_bc_Vir-breadth-part2/20230920-s6-b1_R1_001.fastq.gz
lib61_SARSr-wts,SA55_01_bin2,SA55,2,1,230920,52865,/uufs/chpc.utah.edu/common/home/u6042467/starr-group1/sequencing/TNS/2023/231018_bc_Vir-breadth-part2/20230920-s6-b2_R1_001.fastq.gz
lib61_SARSr-wts,SA55_01_bin3,SA55,3,1,230920,78261,/uufs/chpc.utah.edu/common/home/u6042467/starr-group1/sequencing/TNS/2023/231018_bc_Vir-breadth-part2/20230920-s6-b3_R1_001.fastq.gz
lib61_SARSr-wts,SA55_01_bin4,SA55,4,1,230920,651536,/uufs/chpc.utah.edu/common/home/u6042467/starr-group1/sequencing/TNS/2023/231018_bc_Vir-breadth-part2/20230920-s6-b4_R1_001.fastq.gz
lib61_SARSr-wts,SA55_02_bin1,SA55,1,2,230920,313903,/uufs/chpc.utah.edu/common/home/u6042467/starr-group1/sequencing/TNS/2023/231018_bc_Vir-breadth-part2/20230920-s7-b1_R1_001.fastq.gz
lib61_SARSr-wts,SA55_02_bin2,SA55,2,2,230920,55768,/uufs/chpc.utah.edu/common/home/u6042467/starr-group1/sequencing/TNS/2023/231018_bc_Vir-breadth-part2/20230920-s7-b2_R1_001.fastq.gz
lib61_SARSr-wts,SA55_02_bin3,SA55,3,2,230920,74305,/uufs/chpc.utah.edu/common/home/u6042467/starr-group1/sequencing/TNS/2023/231018_bc_Vir-breadth-part2/20230920-s7-b3_R1_001.fastq.gz
lib61_SARSr-wts,SA55_02_bin4,SA55,4,2,230920,700689,/uufs/chpc.utah.edu/common/home/u6042467/starr-group1/sequencing/TNS/2023/231018_bc_Vir-breadth-part2/20230920-s7-b4_R1_001.fastq.gz
lib61_SARSr-wts,SA55_03_bin1,SA55,1,3,230920,314287,/uufs/chpc.utah.edu/common/home/u6042467/starr-group1/sequencing/TNS/2023/231018_bc_Vir-breadth-part2/20230920-s8-b1_R1_001.fastq.gz
lib61_SARSr-wts,SA55_03_bin2,SA55,2,3,230920,46670,/uufs/chpc.utah.edu/common/home/u6042467/starr-group1/sequencing/TNS/2023/231018_bc_Vir-breadth-part2/20230920-s8-b2_R1_001.fastq.gz
lib61_SARSr-wts,SA55_03_bin3,SA55,3,3,230920,223525,/uufs/chpc.utah.edu/common/home/u6042467/starr-group1/sequencing/TNS/2023/231018_bc_Vir-breadth-part2/20230920-s8-b3_R1_001.fastq.gz
lib61_SARSr-wts,SA55_03_bin4,SA55,4,3,230920,540244,/uufs/chpc.utah.edu/common/home/u6042467/starr-group1/sequencing/TNS/2023/231018_bc_Vir-breadth-part2/20230920-s8-b4_R1_001.fastq.gz
lib61_SARSr-wts,SA55_04_bin1,SA55,1,4,230920,300410,/uufs/chpc.utah.edu/common/home/u6042467/starr-group1/sequencing/TNS/2023/231018_bc_Vir-breadth-part2/20230920-s9-b1_R1_001.fastq.gz
lib61_SARSr-wts,SA55_04_bin2,SA55,2,4,230920,179572,/uufs/chpc.utah.edu/common/home/u6042467/starr-group1/sequencing/TNS/2023/231018_bc_Vir-breadth-part2/20230920-s9-b2_R1_001.fastq.gz
lib61_SARSr-wts,SA55_04_bin3,SA55,3,4,230920,561115,/uufs/chpc.utah.edu/common/home/u6042467/starr-group1/sequencing/TNS/2023/231018_bc_Vir-breadth-part2/20230920-s9-b3_R1_001.fastq.gz
lib61_SARSr-wts,SA55_04_bin4,SA55,4,4,230920,33,/uufs/chpc.utah.edu/common/home/u6042467/starr-group1/sequencing/TNS/2023/231018_bc_Vir-breadth-part2/20230920-s9-b4_R1_001.fastq.gz
lib61_SARSr-wts,SA55_05_bin1,SA55,1,5,230920,474340,/uufs/chpc.utah.edu/common/home/u6042467/starr-group1/sequencing/TNS/2023/231018_bc_Vir-breadth-part2/20230920-s10-b1_R1_001.fastq.gz
lib61_SARSr-wts,SA55_05_bin2,SA55,2,5,230920,621079,/uufs/chpc.utah.edu/common/home/u6042467/starr-group1/sequencing/TNS/2023/231018_bc_Vir-breadth-part2/20230920-s10-b2_R1_001.fastq.gz
lib61_SARSr-wts,SA55_05_bin3,SA55,3,5,230920,53,/uufs/chpc.utah.edu/common/home/u6042467/starr-group1/sequencing/TNS/2023/231018_bc_Vir-breadth-part2/20230920-s10-b3_R1_001.fastq.gz
lib61_SARSr-wts,SA55_05_bin4,SA55,4,5,230920,2,/uufs/chpc.utah.edu/common/home/u6042467/starr-group1/sequencing/TNS/2023/231018_bc_Vir-breadth-part2/20230920-s10-b4_R1_001.fastq.gz
lib61_SARSr-wts,Omi42_01_bin1,Omi42,1,1,230920,140711,/uufs/chpc.utah.edu/common/home/u6042467/starr-group1/sequencing/TNS/2023/231018_bc_Vir-breadth-part2/20230920-s11-b1_R1_001.fastq.gz
lib61_SARSr-wts,Omi42_01_bin2,Omi42,2,1,230920,393832,/uufs/chpc.utah.edu/common/home/u6042467/starr-group1/sequencing/TNS/2023/231018_bc_Vir-breadth-part2/20230920-s11-b2_R1_001.fastq.gz
lib61_SARSr-wts,Omi42_01_bin3,Omi42,3,1,230920,344677,/uufs/chpc.utah.edu/common/home/u6042467/starr-group1/sequencing/TNS/2023/231018_bc_Vir-breadth-part2/20230920-s11-b3_R1_001.fastq.gz
lib61_SARSr-wts,Omi42_01_bin4,Omi42,4,1,230920,387195,/uufs/chpc.utah.edu/common/home/u6042467/starr-group1/sequencing/TNS/2023/231018_bc_Vir-breadth-part2/20230920-s11-b4_R1_001.fastq.gz
lib61_SARSr-wts,Omi42_02_bin1,Omi42,1,2,230920,438305,/uufs/chpc.utah.edu/common/home/u6042467/starr-group1/sequencing/TNS/2023/231018_bc_Vir-breadth-part2/20230920-s12-b1_R1_001.fastq.gz
lib61_SARSr-wts,Omi42_02_bin2,Omi42,2,2,230920,224872,/uufs/chpc.utah.edu/common/home/u6042467/starr-group1/sequencing/TNS/2023/231018_bc_Vir-breadth-part2/20230920-s12-b2_R1_001.fastq.gz
lib61_SARSr-wts,Omi42_02_bin3,Omi42,3,2,230920,53008,/uufs/chpc.utah.edu/common/home/u6042467/starr-group1/sequencing/TNS/2023/231018_bc_Vir-breadth-part2/20230920-s12-b3_R1_001.fastq.gz
lib61_SARSr-wts,Omi42_02_bin4,Omi42,4,2,230920,308281,/uufs/chpc.utah.edu/common/home/u6042467/starr-group1/sequencing/TNS/2023/231018_bc_Vir-breadth-part2/20230920-s12-b4_R1_001.fastq.gz
lib61_SARSr-wts,Omi42_03_bin1,Omi42,1,3,230920,602048,/uufs/chpc.utah.edu/common/home/u6042467/starr-group1/sequencing/TNS/2023/231018_bc_Vir-breadth-part2/20230920-s13-b1_R1_001.fastq.gz
lib61_SARSr-wts,Omi42_03_bin2,Omi42,2,3,230920,79356,/uufs/chpc.utah.edu/common/home/u6042467/starr-group1/sequencing/TNS/2023/231018_bc_Vir-breadth-part2/20230920-s13-b2_R1_001.fastq.gz
lib61_SARSr-wts,Omi42_03_bin3,Omi42,3,3,230920,157190,/uufs/chpc.utah.edu/common/home/u6042467/starr-group1/sequencing/TNS/2023/231018_bc_Vir-breadth-part2/20230920-s13-b3_R1_001.fastq.gz
lib61_SARSr-wts,Omi42_03_bin4,Omi42,4,3,230920,178747,/uufs/chpc.utah.edu/common/home/u6042467/starr-group1/sequencing/TNS/2023/231018_bc_Vir-breadth-part2/20230920-s13-b4_R1_001.fastq.gz
lib61_SARSr-wts,Omi42_04_bin1,Omi42,1,4,230920,432645,/uufs/chpc.utah.edu/common/home/u6042467/starr-group1/sequencing/TNS/2023/231018_bc_Vir-breadth-part2/20230920-s14-b1_R1_001.fastq.gz
lib61_SARSr-wts,Omi42_04_bin2,Omi42,2,4,230920,97156,/uufs/chpc.utah.edu/common/home/u6042467/starr-group1/sequencing/TNS/2023/231018_bc_Vir-breadth-part2/20230920-s14-b2_R1_001.fastq.gz
lib61_SARSr-wts,Omi42_04_bin3,Omi42,3,4,230920,161082,/uufs/chpc.utah.edu/common/home/u6042467/starr-group1/sequencing/TNS/2023/231018_bc_Vir-breadth-part2/20230920-s14-b3_R1_001.fastq.gz
lib61_SARSr-wts,Omi42_04_bin4,Omi42,4,4,230920,0,/uufs/chpc.utah.edu/common/home/u6042467/starr-group1/sequencing/TNS/2023/231018_bc_Vir-breadth-part2/20230920-s14-b4_R1_001.fastq.gz
lib61_SARSr-wts,Omi42_05_bin1,Omi42,1,5,230920,828934,/uufs/chpc.utah.edu/common/home/u6042467/starr-group1/sequencing/TNS/2023/231018_bc_Vir-breadth-part2/20230920-s15-b1_R1_001.fastq.gz
lib61_SARSr-wts,Omi42_05_bin2,Omi42,2,5,230920,302937,/uufs/chpc.utah.edu/common/home/u6042467/starr-group1/sequencing/TNS/2023/231018_bc_Vir-breadth-part2/20230920-s15-b2_R1_001.fastq.gz
lib61_SARSr-wts,Omi42_05_bin3,Omi42,3,5,230920,4,/uufs/chpc.utah.edu/common/home/u6042467/starr-group1/sequencing/TNS/2023/231018_bc_Vir-breadth-part2/20230920-s15-b3_R1_001.fastq.gz
lib61_SARSr-wts,Omi42_05_bin4,Omi42,4,5,230920,3,/uufs/chpc.utah.edu/common/home/u6042467/starr-group1/sequencing/TNS/2023/231018_bc_Vir-breadth-part2/20230920-s15-b4_R1_001.fastq.gz
lib61_SARSr-wts,S309_01_bin1,S309,1,1,230920,418955,/uufs/chpc.utah.edu/common/home/u6042467/starr-group1/sequencing/TNS/2023/231212_bc_Overbaugh-mAbs/20231026-s26-b1_R1_001.fastq.gz
lib61_SARSr-wts,S309_01_bin2,S309,2,1,230920,59036,/uufs/chpc.utah.edu/common/home/u6042467/starr-group1/sequencing/TNS/2023/231212_bc_Overbaugh-mAbs/20231026-s26-b2_R1_001.fastq.gz
lib61_SARSr-wts,S309_01_bin3,S309,3,1,230920,73508,/uufs/chpc.utah.edu/common/home/u6042467/starr-group1/sequencing/TNS/2023/231212_bc_Overbaugh-mAbs/20231026-s26-b3_R1_001.fastq.gz
lib61_SARSr-wts,S309_01_bin4,S309,4,1,230920,641743,/uufs/chpc.utah.edu/common/home/u6042467/starr-group1/sequencing/TNS/2023/231212_bc_Overbaugh-mAbs/20231026-s26-b4_R1_001.fastq.gz
lib61_SARSr-wts,S309_02_bin1,S309,1,2,230920,409463,/uufs/chpc.utah.edu/common/home/u6042467/starr-group1/sequencing/TNS/2023/231018_bc_Vir-breadth-part2/20230920-s17-b1_R1_001.fastq.gz
lib61_SARSr-wts,S309_02_bin2,S309,2,2,230920,92049,/uufs/chpc.utah.edu/common/home/u6042467/starr-group1/sequencing/TNS/2023/231018_bc_Vir-breadth-part2/20230920-s17-b2_R1_001.fastq.gz
lib61_SARSr-wts,S309_02_bin3,S309,3,2,230920,189664,/uufs/chpc.utah.edu/common/home/u6042467/starr-group1/sequencing/TNS/2023/231018_bc_Vir-breadth-part2/20230920-s17-b3_R1_001.fastq.gz
lib61_SARSr-wts,S309_02_bin4,S309,4,2,230920,505839,/uufs/chpc.utah.edu/common/home/u6042467/starr-group1/sequencing/TNS/2023/231018_bc_Vir-breadth-part2/20230920-s17-b4_R1_001.fastq.gz
lib61_SARSr-wts,S309_03_bin1,S309,1,3,230920,458953,/uufs/chpc.utah.edu/common/home/u6042467/starr-group1/sequencing/TNS/2023/231018_bc_Vir-breadth-part2/20230920-s18-b1_R1_001.fastq.gz
lib61_SARSr-wts,S309_03_bin2,S309,2,3,230920,164864,/uufs/chpc.utah.edu/common/home/u6042467/starr-group1/sequencing/TNS/2023/231018_bc_Vir-breadth-part2/20230920-s18-b2_R1_001.fastq.gz
lib61_SARSr-wts,S309_03_bin3,S309,3,3,230920,556988,/uufs/chpc.utah.edu/common/home/u6042467/starr-group1/sequencing/TNS/2023/231018_bc_Vir-breadth-part2/20230920-s18-b3_R1_001.fastq.gz
lib61_SARSr-wts,S309_03_bin4,S309,4,3,230920,14382,/uufs/chpc.utah.edu/common/home/u6042467/starr-group1/sequencing/TNS/2023/231018_bc_Vir-breadth-part2/20230920-s18-b4_R1_001.fastq.gz
lib61_SARSr-wts,S309_04_bin1,S309,1,4,230920,513314,/uufs/chpc.utah.edu/common/home/u6042467/starr-group1/sequencing/TNS/2023/231018_bc_Vir-breadth-part2/20230920-s19-b1_R1_001.fastq.gz
lib61_SARSr-wts,S309_04_bin2,S309,2,4,230920,532397,/uufs/chpc.utah.edu/common/home/u6042467/starr-group1/sequencing/TNS/2023/231018_bc_Vir-breadth-part2/20230920-s19-b2_R1_001.fastq.gz
lib61_SARSr-wts,S309_04_bin3,S309,3,4,230920,16614,/uufs/chpc.utah.edu/common/home/u6042467/starr-group1/sequencing/TNS/2023/231018_bc_Vir-breadth-part2/20230920-s19-b3_R1_001.fastq.gz
lib61_SARSr-wts,S309_04_bin4,S309,4,4,230920,2,/uufs/chpc.utah.edu/common/home/u6042467/starr-group1/sequencing/TNS/2023/231018_bc_Vir-breadth-part2/20230920-s19-b4_R1_001.fastq.gz
lib61_SARSr-wts,S309_05_bin1,S309,1,5,230920,925235,/uufs/chpc.utah.edu/common/home/u6042467/starr-group1/sequencing/TNS/2023/231018_bc_Vir-breadth-part2/20230920-s20-b1_R1_001.fastq.gz
lib61_SARSr-wts,S309_05_bin2,S309,2,5,230920,137963,/uufs/chpc.utah.edu/common/home/u6042467/starr-group1/sequencing/TNS/2023/231018_bc_Vir-breadth-part2/20230920-s20-b2_R1_001.fastq.gz
lib61_SARSr-wts,S309_05_bin3,S309,3,5,230920,14,/uufs/chpc.utah.edu/common/home/u6042467/starr-group1/sequencing/TNS/2023/231018_bc_Vir-breadth-part2/20230920-s20-b3_R1_001.fastq.gz
lib61_SARSr-wts,S309_05_bin4,S309,4,5,230920,2,/uufs/chpc.utah.edu/common/home/u6042467/starr-group1/sequencing/TNS/2023/231018_bc_Vir-breadth-part2/20230920-s20-b4_R1_001.fastq.gz